--=======Modifiers=======--
-- Resources
INSERT INTO Modifiers(ModifierId, ModifierType) VALUES('OP_BUILDING_GRANT_RESOURCE_ALUMINUM', 'MODIFIER_SINGLE_CITY_ADJUST_FREE_RESOURCE_EXTRACTION');
INSERT INTO Modifiers(ModifierId, ModifierType) VALUES('OP_BUILDING_GRANT_RESOURCE_COAL', 'MODIFIER_SINGLE_CITY_ADJUST_FREE_RESOURCE_EXTRACTION');
INSERT INTO Modifiers(ModifierId, ModifierType) VALUES('OP_BUILDING_GRANT_RESOURCE_HORSES', 'MODIFIER_SINGLE_CITY_ADJUST_FREE_RESOURCE_EXTRACTION');
INSERT INTO Modifiers(ModifierId, ModifierType) VALUES('OP_BUILDING_GRANT_RESOURCES_IRON', 'MODIFIER_SINGLE_CITY_ADJUST_FREE_RESOURCE_EXTRACTION');
INSERT INTO Modifiers(ModifierId, ModifierType) VALUES('OP_BUILDING_GRANT_RESOURCE_NITER', 'MODIFIER_SINGLE_CITY_ADJUST_FREE_RESOURCE_EXTRACTION');
INSERT INTO Modifiers(ModifierId, ModifierType) VALUES('OP_BUILDING_GRANT_RESOURCE_OIL', 'MODIFIER_SINGLE_CITY_ADJUST_FREE_RESOURCE_EXTRACTION');
INSERT INTO Modifiers(ModifierId, ModifierType) VALUES('OP_BUILDING_GRANT_RESOURCE_URANIUM', 'MODIFIER_SINGLE_CITY_ADJUST_FREE_RESOURCE_EXTRACTION');
-- XP
INSERT INTO Modifiers(ModifierId, ModifierType) VALUES('OP_BUILDING_GRANT_XP', 'MODIFIER_CITY_TRAINED_UNITS_ADJUST_XP_BONUS');
-- Stockpile
INSERT INTO Modifiers(ModifierId, ModifierType) VALUES('OP_BUILDING_STOCKPILE', 'MODIFIER_PLAYER_ADJUST_RESOURCE_STOCKPILE_CAP');

--=======Modifiers Arguments=======--
-- Resources
INSERT INTO ModifierArguments(ModifierId, Name, Type, Value) VALUES('OP_BUILDING_GRANT_RESOURCE_ALUMINUM', 'ResourceType', 'ARGTYPE_IDENTITY', 'RESOURCE_ALUMINUM');
INSERT INTO ModifierArguments(ModifierId, Name, Type, Value) VALUES('OP_BUILDING_GRANT_RESOURCE_ALUMINUM', 'Amount', 'ARGTYPE_IDENTITY', '5');
INSERT INTO ModifierArguments(ModifierId, Name, Type, Value) VALUES('OP_BUILDING_GRANT_RESOURCE_COAL', 'ResourceType', 'ARGTYPE_IDENTITY', 'RESOURCE_COAL');
INSERT INTO ModifierArguments(ModifierId, Name, Type, Value) VALUES('OP_BUILDING_GRANT_RESOURCE_COAL', 'Amount', 'ARGTYPE_IDENTITY', '5');
INSERT INTO ModifierArguments(ModifierId, Name, Type, Value) VALUES('OP_BUILDING_GRANT_RESOURCE_HORSES', 'ResourceType', 'ARGTYPE_IDENTITY', 'RESOURCE_HORSES');
INSERT INTO ModifierArguments(ModifierId, Name, Type, Value) VALUES('OP_BUILDING_GRANT_RESOURCE_HORSES', 'Amount', 'ARGTYPE_IDENTITY', '5');
INSERT INTO ModifierArguments(ModifierId, Name, Type, Value) VALUES('OP_BUILDING_GRANT_RESOURCES_IRON', 'ResourceType', 'ARGTYPE_IDENTITY', 'RESOURCE_IRON');
INSERT INTO ModifierArguments(ModifierId, Name, Type, Value) VALUES('OP_BUILDING_GRANT_RESOURCES_IRON', 'Amount', 'ARGTYPE_IDENTITY', '5');
INSERT INTO ModifierArguments(ModifierId, Name, Type, Value) VALUES('OP_BUILDING_GRANT_RESOURCE_NITER', 'ResourceType', 'ARGTYPE_IDENTITY', 'RESOURCE_NITER');
INSERT INTO ModifierArguments(ModifierId, Name, Type, Value) VALUES('OP_BUILDING_GRANT_RESOURCE_NITER', 'Amount', 'ARGTYPE_IDENTITY', '5');
INSERT INTO ModifierArguments(ModifierId, Name, Type, Value) VALUES('OP_BUILDING_GRANT_RESOURCE_OIL', 'ResourceType', 'ARGTYPE_IDENTITY', 'RESOURCE_OIL');
INSERT INTO ModifierArguments(ModifierId, Name, Type, Value) VALUES('OP_BUILDING_GRANT_RESOURCE_OIL', 'Amount', 'ARGTYPE_IDENTITY', '5');
INSERT INTO ModifierArguments(ModifierId, Name, Type, Value) VALUES('OP_BUILDING_GRANT_RESOURCE_URANIUM', 'ResourceType', 'ARGTYPE_IDENTITY', 'RESOURCE_URANIUM');
INSERT INTO ModifierArguments(ModifierId, Name, Type, Value) VALUES('OP_BUILDING_GRANT_RESOURCE_URANIUM', 'Amount', 'ARGTYPE_IDENTITY', '5');
-- XP
INSERT INTO ModifierArguments(ModifierId, Name, Type, Value) VALUES('OP_BUILDING_GRANT_XP', 'Amount', 'ARGTYPE_IDENTITY', '100');
-- Stockpile
INSERT INTO ModifierArguments(ModifierId, Name, Type, Value) VALUES('OP_BUILDING_STOCKPILE', 'Amount', 'ARGTYPE_IDENTITY', '50');
--=======Modifiers Arguments=======--
-- Resources
INSERT INTO BuildingModifiers(BuildingType, ModifierId) VALUES('BUILDING_OP_BUILDING', 'OP_BUILDING_GRANT_RESOURCE_ALUMINUM');
INSERT INTO BuildingModifiers(BuildingType, ModifierId) VALUES('BUILDING_OP_BUILDING', 'OP_BUILDING_GRANT_RESOURCE_COAL');
INSERT INTO BuildingModifiers(BuildingType, ModifierId) VALUES('BUILDING_OP_BUILDING', 'OP_BUILDING_GRANT_RESOURCE_HORSES');
INSERT INTO BuildingModifiers(BuildingType, ModifierId) VALUES('BUILDING_OP_BUILDING', 'OP_BUILDING_GRANT_RESOURCES_IRON');
INSERT INTO BuildingModifiers(BuildingType, ModifierId) VALUES('BUILDING_OP_BUILDING', 'OP_BUILDING_GRANT_RESOURCE_NITER');
INSERT INTO BuildingModifiers(BuildingType, ModifierId) VALUES('BUILDING_OP_BUILDING', 'OP_BUILDING_GRANT_RESOURCE_OIL');
INSERT INTO BuildingModifiers(BuildingType, ModifierId) VALUES('BUILDING_OP_BUILDING', 'OP_BUILDING_GRANT_RESOURCE_URANIUM');
-- XP
INSERT INTO BuildingModifiers(BuildingType, ModifierId) VALUES('BUILDING_OP_BUILDING', 'OP_BUILDING_GRANT_XP');
-- Stockpile
INSERT INTO BuildingModifiers(BuildingType, ModifierId) VALUES('BUILDING_OP_BUILDING', 'OP_BUILDING_STOCKPILE');